batch,cell_id,policy,cycle_life,n_cycles,has_dQ,log_life,knee,knee_frac,group,dq_var,dq_min,dq_mean,dq_skew,dq_kurt,C1,SOC1,C2,avgC,fade_10_100,Tavg_100,QD_2,QD_max_m_2,IR_2,IR_min,IR_100_m_2,Tmax_max,Tmin_mean,chargetime_5,CE_mean
b1,b1c5,4.4C(80%)-4.4C,1074.0,1073,True,3.0310042813635367,816.0,0.7597765363128491,long(>1000),-4.178877963304522,-1.5989653176796097,-1.955698854335911,-0.1493501482196471,-1.2275265201493235,4.4,80.0,4.4,4.4,0.0020457525083623466,30.921497713663882,1.0761266,0.005943800000000055,0.016437579,0.015922785,-0.0001118670000000016,34.654667,29.24238684848485,10.967849666666668,1.000150537739909
b1,b1c6,4.8C(80%)-4.8C,636.0,635,True,2.803457115648414,482.0,0.7578616352201258,mid,-3.7688779002277237,-1.421520782950632,-1.7968295198075757,-0.40793584962018636,-1.2380700944581655,4.8,80.0,4.8,4.8,-0.018384228380318224,32.27384521945563,1.0758358,0.006303200000000064,0.017001977,0.016541764,-0.0003333460000000017,36.496124,29.747727232323232,10.07647899999999,1.0004550293286913
b1,b1c7,4.8C(80%)-4.8C,870.0,869,True,2.9395192526186187,594.0,0.6827586206896552,mid,-3.8134860773269867,-1.4175572214564032,-1.7786971998383085,-0.3334166199580946,-1.120535904128327,4.8,80.0,4.8,4.8,-0.012389668737060214,31.99008450921703,1.0938644,0.004104200000000002,0.016311171,0.016083084,-3.842100000000029e-05,36.053928,29.580063565656566,10.02508166666667,1.000240150375943
b1,b1c9,5.4C(40%)-3.6C,1054.0,1053,True,3.022840610876528,743.0,0.7049335863377609,long(>1000),-4.059383677769545,-1.5417478745634328,-1.9389019786252617,-0.4275910282835675,-1.1821708568020548,5.4,40.0,3.6,4.32,0.005299069915599302,32.64153361126789,1.0829742,0.005975700000000028,0.016978227,0.016611163,-3.366599999999817e-05,36.799232,30.276260303030302,11.207955999999994,1.0002756840232485
b1,b1c11,5.4C(50%)-3C,788.0,787,True,2.8965262174895554,554.0,0.7030456852791879,mid,-4.146896530502188,-1.6254071842988917,-2.076848960268603,-0.594847886540066,-1.205555466507367,5.4,50.0,3.0,4.153846153846154,0.004613694855870166,32.75932260623101,1.0537786,0.009460400000000035,0.016575078,0.015962802,-0.0003035779999999988,37.128967,30.14975682828283,11.668875999999987,1.0005554709703448
b1,b1c14,5.4C(60%)-3C,880.0,879,True,2.9444826721501687,624.0,0.7090909090909091,mid,-4.046069839990279,-1.5483063155404493,-1.922769519835989,-0.28245263733712345,-1.3132871189250308,5.4,60.0,3.0,4.499999999999999,0.016309520624309293,33.07746279993842,1.0709661,0.006877699999999987,0.017121186,0.016649306,-6.811500000000054e-05,37.818813,30.08103075757576,10.764334,1.0006866176306357
b1,b1c15,5.4C(60%)-3C,719.0,718,True,2.8567288903828825,506.0,0.7037552155771906,mid,-4.017949103167607,-1.5384331125306037,-1.9580907993167043,-0.4819985506782299,-1.250455985410066,5.4,60.0,3.0,4.499999999999999,0.016737951903172822,33.147720104395674,1.0611236,0.008215100000000142,0.017168047,0.016542939,-0.0002532960000000001,38.47617,29.954303222222222,10.797705666666673,1.0006442316549828
b1,b1c16,5.4C(60%)-3.6C,862.0,861,True,2.9355072658247128,628.0,0.728538283062645,mid,-4.099413675443745,-1.5589858842056645,-1.9064449941560773,-0.12294982972227239,-1.228098401990385,5.4,60.0,3.6,4.8,0.013498762541802933,32.41716254671688,1.0811664,0.007425499999999863,0.01683085,0.016328048,-1.4819000000002719e-05,37.566532,29.839730595959594,10.11310766666668,1.0005792950619652
b1,b1c17,5.4C(60%)-3.6C,857.0,856,True,2.932980821923198,608.0,0.7094515752625438,mid,-3.970159451162403,-1.507687149317655,-1.8747427137149546,-0.25598794617561316,-1.2907022981003802,5.4,60.0,3.6,4.8,0.00536215480172293,32.08875385853444,1.072052,0.007173799999999897,0.016778639,0.016238289,2.2162999999998656e-05,37.208405,29.51007211111111,10.146880666666664,1.0002233972905985
b1,b1c18,5.4C(70%)-3C,691.0,690,True,2.8394780473741985,507.0,0.7337192474674384,mid,-3.650080545153841,-1.3552344202196631,-1.6839795603398218,-0.05207889132502617,-1.346528286080605,5.4,70.0,3.0,4.909090909090909,-0.062292878055284835,31.84196934749498,1.0661705,0.003975300000000015,0.019886132,0.015845969,-0.003994543,36.084282,29.926281306122448,9.958173666666676,0.9065261908292479
b1,b1c19,5.4C(70%)-3C,788.0,787,True,2.8965262174895554,551.0,0.699238578680203,mid,-3.6199068274368353,-1.3382564434992275,-1.6966683640047522,-0.2734236630130664,-1.275414778811916,5.4,70.0,3.0,4.909090909090909,-0.02033629399585135,33.044085397077396,1.0851147,0.004190699999999881,0.016449727,0.016205151,-6.60869999999994e-05,37.49086,30.129123131313133,9.924738333333329,1.0000846572615043
b1,b1c20,5.4C(80%)-5.4C,534.0,533,True,2.727541257028556,390.0,0.7303370786516854,short(<550),-3.367237410245857,-1.1966765536073376,-1.4841793340419198,0.24167276572580954,-1.0727210228955253,5.4,80.0,5.4,5.4,-0.14945135531135723,32.152922017545066,1.07263,0.003094200000000047,0.015740737,0.015036267,-0.000580528000000002,35.504932,29.96077201010101,9.021115000000016,1.0006167284335166
b1,b1c21,5.4C(80%)-5.4C,559.0,558,True,2.747411807886423,411.0,0.7352415026833632,mid,-3.3503380515995875,-1.1889597214362901,-1.5134621565211088,-0.09016665223320511,-1.1430823300485562,5.4,80.0,5.4,5.4,-0.09035583054625644,33.136973711356525,1.0824388,0.0034874000000000294,0.015348774,0.014894895,-0.0002038070000000003,37.615559,30.249985080808084,8.964706333333336,1.000871665869238
b1,b1c23,6C(30%)-3.6C,1014.0,1013,True,3.0060379549973173,744.0,0.7337278106508875,long(>1000),-4.0407936433278895,-1.5235521639715635,-1.874823937053586,-0.14317440365637846,-1.2306058551197139,6.0,30.0,3.6,4.235294117647059,-0.015297888198762094,31.990774547174937,1.0792934,0.004492999999999858,0.016937815,0.016472535,-9.143999999999125e-06,36.165897,29.809444080808078,11.447006333333357,1.000100838655252
b1,b1c24,6C(40%)-3C,1017.0,1016,True,3.0073209529227447,751.0,0.7384464110127827,long(>1000),-3.938662523656534,-1.496997819384519,-1.857813710651324,-0.33886310774417266,-1.2741881895082756,6.0,40.0,3.0,4.0,-0.007558493390664127,33.378063951824195,1.0745355,0.004539499999999919,0.016687831,0.016390581,-4.86200000000131e-06,37.596226,30.49927661616162,12.147216,1.0001009791656021
b1,b1c25,6C(40%)-3C,854.0,853,True,2.931457870689005,593.0,0.6943793911007026,mid,-4.027888820540259,-1.5310448776215277,-1.9063614300516682,-0.35793477555398945,-1.2413942729375074,6.0,40.0,3.0,4.0,-0.010512616658699726,33.8485570739493,1.0752345,0.004678599999999866,0.016699277,0.016397864,-1.1263999999996943e-05,38.670872,30.57957213131313,12.130126666666674,1.0005194483769753
b1,b1c26,6C(40%)-3.6C,870.0,869,True,2.9395192526186187,617.0,0.7091954022988506,mid,-3.7952199967853435,-1.4161841881702257,-1.7483579323371028,-0.11706816411704128,-1.2766699504628691,6.0,40.0,3.6,4.5,-0.024660891861760115,33.15641406115227,1.0876514,0.003894800000000087,0.016376387,0.016129743,1.2887999999999095e-05,37.077717,30.38804886868687,10.764819666666668,1.0000007056208575
b1,b1c27,6C(40%)-3.6C,842.0,841,True,2.9253120914996495,597.0,0.7090261282660333,mid,-3.8537032000559392,-1.4457274882962825,-1.8092709460000542,-0.28951852229645747,-1.2368251713034262,6.0,40.0,3.6,4.5,-0.020381876094918566,33.89497000372244,1.0790461,0.003953399999999885,0.016174601,0.015953196,3.187999999999802e-05,38.178074,30.730024525252528,10.796985333333323,0.9999579990069097
b1,b1c28,6C(50%)-3C,860.0,859,True,2.934498451243568,604.0,0.7023255813953488,mid,-3.844711807496199,-1.429299699845934,-1.7773323245743777,-0.14263301031252343,-1.2384823669741583,6.0,50.0,3.0,4.363636363636363,-0.015225352763173364,33.773800525042,1.0777475,0.003846999999999934,0.016742077,0.016467512,6.377100000000066e-05,38.303513,30.628645454545456,11.129907333333346,1.0007608444495424
b1,b1c29,6C(50%)-3C,917.0,916,True,2.962369335670021,665.0,0.7251908396946565,mid,-3.8382817049630766,-1.4333451099547356,-1.7798781919524258,-0.13762996295439459,-1.2785185818791822,6.0,50.0,3.0,4.363636363636363,-0.014454562828473082,32.70415601771739,1.0794537,0.004349200000000053,0.016626336,0.016308507,1.7818000000002776e-05,36.258759,30.431080343434342,11.179535333333334,1.0001850352695771
b1,b1c30,6C(50%)-3.6C,709.0,708,True,2.8506462351830666,522.0,0.7362482369534555,mid,-3.744699217898308,-1.3891760916679914,-1.7515577730382268,-0.28519142358197436,-1.2269916421555163,6.0,50.0,3.6,4.8,-0.02597604395603601,33.54008830692456,1.0798637,0.003954500000000083,0.016072329,0.015838005,5.842799999999926e-05,37.483994,30.65161108080808,10.130179666666669,1.0002030446311567
b1,b1c31,6C(50%)-3.6C,876.0,875,True,2.9425041061680806,647.0,0.7385844748858448,mid,-3.777732624088043,-1.4036425747808552,-1.7451236120395293,-0.11073292820710413,-1.2421226847427715,6.0,50.0,3.6,4.8,-0.03470540531931799,30.375396745150567,1.0946392,0.003694199999999981,0.016952254,0.016684072,1.0658000000000195e-05,31.658901,30.00905564646465,10.11367266666668,1.000255487509465
b1,b1c32,6C(60%)-3C,731.0,730,True,2.8639173769578603,498.0,0.6812585499316005,mid,-3.6464634970703615,-1.3413563657865362,-1.6833949400959853,-0.15565603118726665,-1.2794467204381472,6.0,60.0,3.0,4.8,-0.02147387004299617,33.08050304573434,1.0778366,0.003820099999999993,0.016239462,0.015933495,5.134400000000178e-05,37.14436,30.377384848484848,10.096438,1.0003446432175225
b1,b1c33,6C(60%)-3C,757.0,756,True,2.8790958795000727,494.0,0.6525759577278731,mid,-3.6670575975866413,-1.3477364209267757,-1.6645106005353847,0.0648321072722398,-1.232742808603498,6.0,60.0,3.0,4.8,-0.031796946966076996,33.671697614422236,1.0924908,0.004335399999999989,0.016591828,0.016214989,-1.720699999999825e-05,38.728722,30.36514987878788,10.146428666666663,1.000406496955743
b1,b1c34,7C(30%)-3.6C,742.0,741,True,2.870403905279027,549.0,0.7398921832884097,mid,-3.848616157008837,-1.4292453027277998,-1.7937042210637226,-0.15090116468663067,-1.179900135451435,7.0,30.0,3.6,4.401746724890829,-0.010398015607580281,32.66455167507312,1.0766174,0.004865000000000119,0.0169825,0.016567618,-2.8376000000000096e-05,37.240925,29.98833122222222,11.06793699999998,1.0000188030197419
b1,b1c35,7C(30%)-3.6C,703.0,702,True,2.846955325019824,485.0,0.689900426742532,mid,-3.7726058155960294,-1.407245656037606,-1.7393719586980771,-0.09448727078656764,-1.2999242276573169,7.0,30.0,3.6,4.401746724890829,-0.005950627488450408,32.09733437854188,1.0707464,0.00507919999999995,0.017059039,0.016647711,3.243499999999733e-05,36.075569,29.813014555555554,11.05119499999999,1.0000469153451395
b1,b1c36,7C(40%)-3C,704.0,703,True,2.847572659142112,481.0,0.6832386363636364,mid,-3.6695013425959444,-1.350456740061559,-1.676905721653216,-0.024120388445710322,-1.2877295595088152,7.0,40.0,3.0,4.2,-0.01628153049849124,32.04688205693082,1.0778315,0.004527799999999971,0.016480684,0.016229769,8.785199999999938e-05,34.868446,30.278352737373737,11.524843333333349,1.0001964755965973
b1,b1c37,7C(40%)-3C,648.0,647,True,2.8115750058705933,479.0,0.7391975308641975,mid,-3.673938893314921,-1.3512031235542026,-1.7113746613134657,-0.2364758704805441,-1.2637732127261774,7.0,40.0,3.0,4.2,-0.019236196846627564,32.95969887229894,1.0748194,0.004472400000000043,0.016607935,0.016318144,6.718000000000002e-05,36.993626,30.246154101010102,11.57439200000002,1.0001079507998079
b1,b1c38,7C(40%)-3.6C,617.0,616,True,2.7902851640332416,441.0,0.7147487844408428,mid,-3.4330481735466756,-1.2486008044251447,-1.5724458172531042,-0.06381042216810003,-1.3483479281632569,7.0,40.0,3.6,4.754716981132075,-0.018634390826566927,33.69474656343401,1.0729513,0.003646500000000108,0.016260354,0.016066672,8.89640000000004e-05,37.995705,30.441867747474745,10.243066666666685,0.9999133767747903
b1,b1c39,7C(40%)-3.6C,625.0,624,True,2.7958800173440754,436.0,0.6976,mid,-3.5045337204530713,-1.2745461275578267,-1.611898043443549,-0.152502333206465,-1.277189897493371,7.0,40.0,3.6,4.754716981132075,-0.013555031055892229,33.50643317156701,1.0817773,0.004689399999999955,0.016743599,0.016519627,9.157099999999863e-05,38.024876,30.338561797979796,10.258443000000007,0.9999892593456777
b1,b1c40,8C(15%)-3.6C,966.0,965,True,2.9849771264154934,654.0,0.6770186335403726,mid,-4.0552127051547355,-1.5361710433327174,-1.8986376102732627,-0.24850466403431104,-1.2414941194014202,8.0,15.0,3.6,4.013937282229966,-0.018422352285391665,33.45968416375565,1.0833029,0.004503299999999877,0.016756468,0.016480761,6.656899999999896e-05,38.388569,30.277771616161615,12.071222666666685,0.9998227123275615
b1,b1c41,8C(15%)-3.6C,1051.0,1050,True,3.021602716028242,769.0,0.7316841103710752,long(>1000),-4.071513969179501,-1.545059265073145,-1.9080317935605755,-0.23135631340210783,-1.2429492659603925,8.0,15.0,3.6,4.013937282229966,-0.009669214843125775,33.073322532455414,1.0789614,0.0049074999999998425,0.016856873,0.016552322,-9.889999999998511e-07,37.576675,30.240961535353534,12.087368000000005,0.999931575064202
b1,b1c42,8C(25%)-3.6C,702.0,701,True,2.846337112129805,488.0,0.6951566951566952,mid,-3.6658557852690015,-1.349598761676796,-1.6861494085196256,-0.10769408431100083,-1.3162418798566866,8.0,25.0,3.6,4.347169811320755,-0.007099162286985007,33.585067243916896,1.0798725,0.004959500000000006,0.0167679,0.016511114,0.00010331400000000018,38.397423,30.352109616161613,11.171093666666682,0.9999287792286199
b1,b1c43,8C(25%)-3.6C,651.0,650,True,2.813580988568192,488.0,0.7496159754224271,mid,-3.667779071634814,-1.3506077797155869,-1.7174769506719412,-0.23725353594012447,-1.3026127286464535,8.0,25.0,3.6,4.347169811320755,-0.03225106864150365,33.339782658681436,1.0682389,0.003432099999999938,0.016111452,0.015904058,0.00012785400000000016,37.725166,30.253967161616163,11.170874333333334,1.0001082998265383
b1,b1c44,8C(35%)-3.6C,616.0,615,True,2.7895807121644256,404.0,0.6558441558441559,mid,-3.42070000480644,-1.230644295723956,-1.5327013539896708,0.13907984932279427,-1.2892846015980648,8.0,35.0,3.6,4.7407407407407405,-0.04222089504697998,32.55333216968652,1.0847682,0.0035623999999998546,0.017436398,0.017142953,0.00015277100000000293,36.804283,29.951694818181817,10.271104333333334,1.0000175890058403
b1,b1c45,8C(35%)-3.6C,599.0,598,True,2.7774268223893115,408.0,0.6811352253756261,mid,-3.425292235698853,-1.2261878862236073,-1.539612015763012,0.11519776583282056,-1.280392401163963,8.0,35.0,3.6,4.7407407407407405,-0.022526972447838817,33.000547391096504,1.0839558,0.004482499999999945,0.016685704,0.016382927,0.00015038399999999993,37.855122,29.912547070707074,10.254465333333325,1.0002140217169457
b2,b2c0,5.2C(58%)-4C,477.0,496,True,2.678518379040114,336.0,0.7044025157232704,short(<550),-3.4872647963011447,-1.25915370697604,-1.5883634414925503,-0.031432251250035875,-1.2425693276988774,5.2,57.99999999999999,4.0,4.803695150115473,0.01005019748367575,31.80847092623002,1.1020051,0.008113500000000107,0.017402707,0.017083954,6.96420000000017e-05,36.404427,29.82405004869571,10.173733999999968,1.0081336377644168
b2,b2c1,5.6C(26%)-4.5C,491.0,513,True,2.6910814921229687,278.0,0.5661914460285132,short(<550),-3.2980513654760366,-1.1797018265475776,-1.4486108973142455,0.31749677338171994,-1.1591037362491994,5.6,26.0,4.5,4.8068669527897,-0.031866625258790506,33.60099815475848,1.1057826,0.003575800000000129,0.01817438,0.017313389,-0.0006942100000000007,37.4468,30.605830093769402,10.192646000000046,0.9643198735407486
b2,b2c2,5.2C(50%)-4.25C,424.0,439,True,2.6273658565927325,326.0,0.7688679245283019,short(<550),-3.4602483651128177,-1.2780425608490644,-1.6018274902651612,-0.15525372627721698,-1.4037552179038564,5.2,50.0,4.25,4.797829036635006,-0.006105121197639825,33.17566129490617,1.0753863,0.00516020000000017,0.016669566,0.016255558,-9.869800000000123e-05,38.33985803206289,30.778734234543165,10.175071333333326,1.0070286546920733
b2,b2c3,4.65C(44%)-5C,499.0,517,True,2.6981005456233897,342.0,0.685370741482966,short(<550),-3.496242996974693,-1.2528333493536508,-1.6970225726402153,-0.6865232340714085,-0.8132615623395765,4.65,44.0,5.0,4.80123902942695,0.0746289679885362,33.93805810095692,1.0959566,0.012060699999999924,0.016083341,0.015764765,-3.5558000000001505e-05,39.422000644443116,30.824133785111215,10.173250333333367,1.0067378906745006
b2,b2c4,4.65C(69%)-6C,444.0,464,True,2.6473829701146196,246.0,0.5540540540540541,short(<550),-3.232506812226559,-1.1530619241599571,-1.4586479778940586,-0.010537387163738036,-1.3023522360528512,4.65,69.0,6.0,4.798452112221864,-0.06578035355948732,33.04820861652687,1.0899745,0.0008767999999998999,0.017068394,0.01593901,-0.0009035920000000017,38.209395652763355,30.410773535367827,10.222283666666627,1.0013036011235656
b2,b2c5,3.6C(30%)-6C,416.0,445,True,2.6190933306267428,248.0,0.5961538461538461,short(<550),-3.085881724279185,-1.0647445696067208,-1.3326833753259637,0.3621745651001111,-1.0375622697150644,3.6,30.0,6.0,4.800000000000001,-0.1860224382863407,33.01307013030371,1.0989141,0.00013759999999995998,0.016014345,0.015142022,-0.0007167039999999986,38.388368590154755,30.501689038072705,10.178295333333276,1.0036099613604559
b2,b2c6,3.6C(9%)-5C,393.0,409,True,2.5943925503754266,242.0,0.6157760814249363,short(<550),-3.53003968650195,-1.302139035704796,-1.6814192972154154,-0.420913166444504,-1.2152710216386973,3.6,9.0,5.0,4.790419161676646,0.05756180124223628,33.81904518975318,1.0885617,0.01149509999999987,0.016595399,0.015897563,-0.0005260630000000002,40.4669448483313,30.490418036329206,10.179130999999906,1.007466336655245
b2,b2c7,4.8C(80%)-4.8C-newstructure,777.0,806,True,2.890421018800914,560.0,0.7207207207207207,mid,-4.231670089905405,-1.6627807966926045,-2.0543787574153147,-0.3734551470125933,-1.32663775372589,4.8,80.0,4.8,4.8,0.05744192705845211,33.769687089746824,1.0904776,0.015110199999999852,0.014809063,0.014716571,1.3403999999999847e-05,37.918381,30.73928459335173,10.037040333333376,1.0076916038042523
b2,b2c8,5.2C(58%)-4C-newstructure,904.0,947,True,2.9561684304753633,650.0,0.7190265486725663,mid,-4.10242248030074,-1.5553134234408468,-1.9506495152236807,-0.4454255065447419,-0.9510309415303917,5.2,57.99999999999999,4.0,4.803695150115473,-0.0530790716674609,33.59868374090274,1.0906329,0.003211000000000075,0.016484642,0.016342103,3.0228999999999673e-05,36.451335340457405,31.612445462419203,10.04007933333327,1.005700534994513
b2,b2c9,5.6C(26%)-4.5C-newstructure,791.0,819,True,2.8981764834976764,578.0,0.7307206068268015,mid,-4.344425682662564,-1.7043415797019206,-2.1280209011131515,-0.05218956896191863,-0.7640813420594519,5.6,26.0,4.5,4.8068669527897,-0.03945754419493187,32.3508526526095,1.0949715,0.004990999999999968,0.015408114,0.015197206,-5.300199999999991e-05,35.00847845562602,31.368434034253195,10.040580999999946,1.0073040195281135
b2,b2c10,4.8C(80%)-4.8C,492.0,519,True,2.69196510276736,333.0,0.676829268292683,short(<550),-3.4509001132975605,-1.2533467262871412,-1.5298792730376034,0.26320531782167483,-1.2438031735572377,4.8,80.0,4.8,4.8,0.06384393725116053,31.720791269063756,1.1092782,0.0077312999999998855,0.017335583,0.016884135,-0.00030304700000000073,35.078796,29.963820197304504,10.17126966666663,1.0100885156214148
b2,b2c11,5.2C(50%)-4.25C,449.0,468,True,2.6522463410033232,335.0,0.7461024498886414,short(<550),-3.485393220979881,-1.2604374890122916,-1.6195601901311185,-0.22207913813040991,-1.2401569257962999,5.2,50.0,4.25,4.797829036635006,0.12643977384934718,33.146477466034135,1.0959171,0.013548699999999858,0.017361749,0.016784718,1.5793000000000057e-05,39.423817,30.641124446022808,10.17367599999993,1.0079125140432537
b2,b2c12,4.65C(44%)-5C,466.0,493,True,2.66838591669,306.0,0.6566523605150214,short(<550),-3.1679683681509765,-1.1116450009064458,-1.4045303076299513,0.11788308293031868,-1.2407739291824722,4.65,44.0,5.0,4.80123902942695,0.03275929447364646,31.314676947956993,1.1016457,0.006732100000000019,0.017251369,0.016159201,-0.0010207299999999975,35.747711,30.02090936329148,10.174669333333393,1.010937718882119
b2,b2c13,4.65C(69%)-6C,460.0,483,True,2.662757831681574,324.0,0.7043478260869566,short(<550),-3.3444477218838284,-1.1892669912776828,-1.4676275716854412,0.3347822660087096,-1.0960042358526476,4.65,69.0,6.0,4.798452112221864,-0.008527410415670018,31.946988973926523,1.0954365,0.0021364000000001493,0.016970724,0.015610993,-0.0010935590000000009,36.19238897679291,30.127146151093967,10.207829000000007,1.002808961704559
b2,b2c14,3.6C(30%)-6C,426.0,461,True,2.629409599102719,302.0,0.7089201877934272,short(<550),-3.118519966248836,-1.0771996432895912,-1.3510960903403473,0.28882818927984966,-1.0885540736711687,3.6,30.0,6.0,4.800000000000001,-0.10019437490046319,32.12387700158536,1.0844886,0.0004899999999998794,0.017186515,0.015952863,-0.000878801999999998,36.56760277779107,30.37930734055677,10.207831333333306,1.0037394512043254
b2,b2c15,3.6C(9%)-5C,396.0,414,True,2.597695185925512,267.0,0.6742424242424242,short(<550),-3.516251926776714,-1.2929864401953677,-1.6173474901534397,-0.07187702874207763,-1.393294007166598,3.6,9.0,5.0,4.790419161676646,0.08864344640866963,32.862747677246595,1.0697494,0.009623699999999902,0.017212247,0.016145013,-0.0009618189999999992,36.649116879455384,31.23583872482013,10.174112999999924,1.0090681656099671
b2,b2c16,4.8C(80%)-4.8C,472.0,499,True,2.673941998634088,328.0,0.6949152542372882,short(<550),-3.494880991874622,-1.2736447594591542,-1.5809591581867155,0.07215880401275221,-1.296859819157223,4.8,80.0,4.8,4.8,-0.02245852524287146,32.7673986704417,1.0945363,0.007131600000000127,0.017776627,0.017414019,-0.0002792050000000011,37.601054318286856,30.50838677432193,10.171980333333341,1.004702068504797
b2,b2c17,5.6C(26%)-4.5C,471.0,494,True,2.673020907128896,270.0,0.5732484076433121,short(<550),-3.5003441284740386,-1.2793248331348057,-1.6135662925447742,-0.17158376385561103,-1.2841547971218787,5.6,26.0,4.5,4.8068669527897,0.03920608058608689,32.988612809790894,1.0917177,0.018217600000000056,0.017503092,0.016950201,-0.00042510400000000254,35.36969,30.8792201698428,10.176372333333273,0.9760900166979116
b2,b2c18,5.2C(50%)-4.25C,449.0,467,True,2.6522463410033232,348.0,0.7750556792873051,short(<550),-3.707302736176298,-1.4007101764976642,-1.7788233950843677,-0.27357934756349894,-1.4464132518406028,5.2,50.0,4.25,4.797829036635006,0.10981586399107855,32.88627829858526,1.0756292,0.01278990000000002,0.01680507,0.016488669,-4.021899999999759e-05,36.964727535985794,30.677561308918385,10.175029666666669,1.0044903299219081
b2,b2c19,6C(60%)-3C,392.0,411,True,2.593286067020457,246.0,0.6275510204081632,short(<550),-3.291958004542694,-1.1827536805591299,-1.4646019554933793,0.1562128994224085,-1.2820390748353814,6.0,60.0,3.0,4.8,0.012324980092367542,32.770067410122046,1.0902406,0.010140499999999886,0.016772689,0.016542695,6.25240000000013e-05,37.29125540144077,30.490596857610676,10.175535333333391,1.0064230803644325
b2,b2c20,5.2C(58%)-4C,489.0,506,True,2.6893088591236203,357.0,0.7300613496932515,short(<550),-3.4413054314104006,-1.2182152735019718,-1.6119851603323705,-0.4394032649068832,-0.9586720317032245,5.2,57.99999999999999,4.0,4.803695150115473,0.027545793916224387,33.619111185067155,1.0977259,0.006970300000000096,0.016656091,0.016160993,0.00019093999999999708,37.85651,31.426991509997194,10.172872000000012,1.0093953645708318
b2,b2c21,6C(60%)-3C,408.0,426,True,2.61066016308988,249.0,0.6102941176470589,short(<550),-3.326679075199306,-1.1906586116306495,-1.4777050745461198,0.19578991036583723,-1.251144668601027,6.0,60.0,3.0,4.8,0.03905272909699126,33.60118814118363,1.0985936,0.008365100000000014,0.017283741,0.017071372,0.00012853800000000096,39.554886,30.630468294173323,10.174583999999935,1.0055465102801504
b2,b2c24,4.8C(80%)-4.8C,514.0,536,True,2.710963118995276,372.0,0.7237354085603113,short(<550),-3.6408852680750527,-1.3397990329529361,-1.6426087273383512,0.1473921115244356,-1.2469400096581615,4.8,80.0,4.8,4.8,0.04004748686096753,33.206377241160645,1.0923017,0.009624700000000042,0.016653664,0.016424084,-0.00014084899999999845,39.222355,30.2591522659894,10.170490666666689,1.008416427324669
b2,b2c25,5.2C(58%)-4C,493.0,511,True,2.69284691927723,384.0,0.7789046653144016,short(<550),-3.5344779300217333,-1.2966358222516818,-1.6268859233156514,-0.06298627046564029,-1.3538645859474825,5.2,57.99999999999999,4.0,4.803695150115473,0.03655321070234296,32.23848796399698,1.098838,0.008213400000000037,0.016827697,0.016576298,2.3801000000000377e-05,35.15638,30.622953011549193,10.172881333333304,1.0088963358111445
b2,b2c26,5.6C(26%)-4.5C,450.0,476,True,2.6532125137753435,308.0,0.6844444444444444,short(<550),-3.2220536077932804,-1.1348440071704826,-1.4197761302585463,0.23025820257688392,-1.187711331786615,5.6,26.0,4.5,4.8068669527897,-0.008591318681323915,33.75843376995604,1.1043522,0.0028544000000001457,0.018412031,0.017513856,-0.0008291710000000001,38.98082610957073,30.612617674686465,10.192329666666629,0.9547677302723393
b2,b2c27,5.2C(50%)-4.25C,474.0,493,True,2.6757783416740852,349.0,0.7362869198312236,short(<550),-3.48620363289781,-1.2636731612712018,-1.6075857149248756,-0.13920205356096377,-1.3553178034578717,5.2,50.0,4.25,4.797829036635006,0.08367819397993538,33.30411096115286,1.0925682,0.01260059999999985,0.017678261,0.017410973,0.00012275900000000006,39.292397,30.520247987388977,10.174448333333178,1.0095892470137124
b2,b2c28,4.8C(80%)-4.8C,437.0,456,True,2.640481436970422,299.0,0.6842105263157895,short(<550),-3.4234111691232063,-1.2480177561364414,-1.5530074416722734,0.045824708309599636,-1.3911812962111165,4.8,80.0,4.8,4.8,0.05108195572543323,32.14391413111333,1.0904486,0.009223800000000004,0.016827082,0.016122971,-0.0006546150000000008,35.97005389341205,30.27083144812065,10.17431633333336,1.0124178700871094
b2,b2c29,5.2C(58%)-4C,452.0,470,True,2.655138434811382,337.0,0.745575221238938,short(<550),-3.5082481790944344,-1.2787374975308952,-1.5964979929538006,0.019297258658327824,-1.3423381972318758,5.2,57.99999999999999,4.0,4.803695150115473,0.11401295747730604,31.797490897448792,1.1032062,0.014966599999999941,0.016795976,0.016617509,0.00011061700000000035,35.143738,30.217947896804674,10.173121999999905,1.0108887874560506
b2,b2c30,5.6C(26%)-4.5C,412.0,429,True,2.6148972160331345,301.0,0.7305825242718447,short(<550),-3.1854095592748743,-1.121920551179904,-1.401692293408615,0.2511504561933174,-1.2012566680423964,5.6,26.0,4.5,4.8068669527897,-0.08940455964325517,33.811821415675354,1.0946374,0.003826499999999955,0.017830005,0.01667887,-0.001062254999999998,38.2883066025032,30.36611605124847,10.223914333333378,0.9541237933695168
b2,b2c31,5.6C(26%)-4.5C,425.0,446,True,2.6283889300503116,297.0,0.6988235294117647,short(<550),-3.35235883148731,-1.192269958091178,-1.5139315921676173,0.059274288659576735,-1.1694734897447134,5.6,26.0,4.5,4.8068669527897,0.0470883182035479,33.3758501254003,1.0990092,0.004161300000000034,0.016888967,0.015888851,-0.0006819260000000028,37.238895,31.05105235906995,10.177968666666759,0.9497248958759716
b2,b2c32,4.8C(80%)-4.8C-newstructure,809.0,834,True,2.9079485216122722,561.0,0.6934487021013597,mid,-4.131466155166347,-1.5612803700592666,-1.8732213420079573,0.2077958230636326,-0.9720788247962671,4.8,80.0,4.8,4.8,-0.07674978818282664,32.16894887045923,1.0881557,0.005788700000000091,0.014826416,0.014739397,-5.889600000000099e-05,34.753593,30.53704364397439,10.041900666666674,1.0099948148181763
b2,b2c33,5.2C(58%)-4C-newstructure,1140.0,1190,True,3.0569048513364727,872.0,0.7649122807017544,long(>1000),-4.23162831933775,-1.6182579810754656,-1.9363086174155484,0.28592044638203545,-0.9761491385628052,5.2,57.99999999999999,4.0,4.803695150115473,-0.13961106864150058,32.74157143407892,1.0732747,0.0014279999999999848,0.015095364,0.014933125,-8.753799999999985e-05,35.019115,31.028129662553557,10.03920333333323,1.000413620162811
b2,b2c34,5.6C(26%)-4.5C-newstructure,1186.0,1252,True,3.074084689028244,893.0,0.7529510961214165,long(>1000),-4.448585173324752,-1.7179911203918634,-2.0904409981476704,-0.1522681413461274,-0.8874031140532539,5.6,26.0,4.5,4.8068669527897,-0.06514612836439189,35.66789148456313,1.0671737,0.001733100000000043,0.015062638,0.014872484,-0.00011882799999999964,39.697674,31.820106759742284,10.040011000000039,1.0035915879239798
b2,b2c41,5.6C(26%)-4.5C,442.0,463,True,2.645422269349092,303.0,0.6855203619909502,short(<550),-3.1723658101769976,-1.0918848237174428,-1.4228726491798211,-0.04398711658406335,-1.1480576715129351,5.6,26.0,4.5,4.8068669527897,0.027633532409617658,30.193787010451164,1.1049188,0.005106599999999961,,,,34.98487001858617,28.921462730505556,10.177705666666686,0.9518760928541792
b2,b2c42,5.2C(50%)-4.25C,474.0,497,True,2.6757783416740852,328.0,0.6919831223628692,short(<550),-3.482587648007536,-1.2662601980188848,-1.5325292933871493,0.35173145970026903,-1.1698091863355191,5.2,50.0,4.25,4.797829036635006,0.08673744545309738,31.709620029469267,1.1024443,0.011393200000000103,,,,36.76044310987061,29.684989855073173,10.174918666666732,1.0125383992240102
b2,b2c43,4.8C(80%)-4.8C-newstructure,1029.0,1061,True,3.012415374762433,779.0,0.7570456754130224,long(>1000),-4.271781928623568,-1.7174947316283655,-2.1091125551490606,0.37364081219777306,-0.7838825610102407,4.8,80.0,4.8,4.8,-0.08207105590061978,33.92914533704784,1.0974334,0.004615400000000047,,,,38.4212899272313,30.859789415076495,10.0362016666667,1.0082518008027552
b2,b2c44,5.2C(58%)-4C-newstructure,841.0,874,True,2.924795995797912,670.0,0.7966706302021404,mid,-4.36452348032534,-1.6924552164325342,-2.0579634771940567,-0.2315999303131427,-1.106872968238788,5.2,57.99999999999999,4.0,4.803695150115473,-0.029368394648826308,33.959958369682994,1.09659,0.002728300000000017,,,,37.579971,30.99677660050287,10.040366333333369,1.0083608007240121
b2,b2c45,5.6C(26%)-4.5C-newstructure,997.0,1027,True,2.998695158311656,681.0,0.683049147442327,mid,-4.175214949171005,-1.5739701485478261,-1.9524265931128355,-0.3301158834164389,-0.9304722417408056,5.6,26.0,4.5,4.8068669527897,-0.0836388612836361,35.271412144027664,1.1030351,0.0020833999999998465,,,,38.42024558425599,32.537959132830416,10.040267666666622,1.0066474895530029
b2,b2c46,4.8C(80%)-4.8C,503.0,523,True,2.7015679850559273,404.0,0.8031809145129225,short(<550),-3.5088751328187002,-1.2768530740393316,-1.641412304427464,-0.13392314074865622,-1.2034359823824068,4.8,80.0,4.8,4.8,0.01981349259437136,29.88150861827619,1.100943,0.006137899999999918,,,,31.867259462197975,28.64374596409163,10.169781000000075,1.0090577787728026
b3,b3c0,5C(67%)-4C-newstructure,1009.0,1008,True,3.0038911662369103,779.0,0.7720515361744301,long(>1000),-4.245114870317645,-1.6324268289984958,-1.995584966578805,-0.19512162119318682,-1.1718837880266881,5.0,67.0,4.0,4.804804804804805,-0.015158867654082956,32.19485323078261,1.0674551,0.003916099999999867,0.015398955,0.015180224,-0.00012841200000000136,33.974361,30.85573454160423,10.044530999999989,1.0003197203867857
b3,b3c1,5.3C(54%)-4C-newstructure,1063.0,1062,True,3.0265332645232967,832.0,0.7826904985888994,long(>1000),-4.28554271039912,-1.6512245125513436,-2.0167788857362154,-0.2863695436051661,-1.1239942266253167,5.3,54.0,4.0,4.7936687394007915,-0.023035981844234756,34.83231929224147,1.0650603,0.003679599999999894,0.015162034,0.014931546,-0.00010282300000000015,38.707848,31.577739046530215,10.041138666666567,1.0003728671422552
b3,b3c3,5.6C(36%)-4.3C-newstructure,1115.0,1114,True,3.0472748673841794,847.0,0.7596412556053812,long(>1000),-4.116607770381197,-1.5712722522972093,-1.9703964781227423,-0.4795495922194519,-1.0204009571273698,5.6,36.0,4.3,4.8015952143569285,-0.01969855709507913,36.083742449765445,1.0628892,0.0026450000000000085,0.015006617,0.014885032,5.60549999999993e-05,40.076626,32.17067620845048,10.042065333333351,1.000601565171875
b3,b3c4,5.6C(19%)-4.6C-newstructure,1048.0,1047,True,3.0203612826477078,781.0,0.7452290076335878,long(>1000),-4.178465673149821,-1.605368391100298,-1.9954018036159284,-0.4358594530739962,-1.108117428835132,5.6,19.0,4.6,4.803729603729602,-0.011781070234118693,32.11715379681873,1.0724765,0.0027884999999998605,0.015246842,0.015085269,-6.733400000000049e-05,33.39357830787951,31.173947334843888,10.045031333333366,1.0003595404871368
b3,b3c5,5.6C(36%)-4.3C-newstructure,828.0,827,True,2.9180303367848803,627.0,0.7572463768115942,mid,-4.114423974726586,-1.5943958508600597,-1.9413551205503161,-0.16298210025008258,-1.2847293776559767,5.6,36.0,4.3,4.8015952143569285,-0.02237926580665397,35.56013985266867,1.0514506,0.0026052000000000852,0.015374157,0.015130546,-0.00016723399999999874,40.19554382518285,32.25708891393414,10.041910000000012,1.000477640219104
b3,b3c6,3.7C(31%)-5.9C-newstructure,667.0,666,True,2.824125833916549,446.0,0.6686656671664168,mid,-3.5257081929454923,-1.274074917917236,-1.5448876040507047,0.48315863084518784,-0.8670783975112881,3.7,31.0,5.9,4.795167490389896,-0.2030154196528045,34.1072055276095,1.0626124,0.00045920000000010397,0.013527169,0.013527169,0.00032014799999999927,37.461433,31.418799661908764,10.06247166666663,1.0002867115756877
b3,b3c7,4.8C(80%)-4.8C-newstructure,1836.0,1835,True,3.2638726768652235,1340.0,0.7298474945533769,long(>1000),-4.488742187967907,-1.7680458494575397,-2.1525643123540417,-0.34078293270641924,-1.200764084320108,4.8,80.0,4.8,4.8,-0.010694795349574862,32.79694473003086,1.0675218,0.003397199999999989,0.015535541,0.015372629,-3.5402999999999823e-05,34.60008198094648,31.247996106583226,11.041577333333311,1.0001372628264218
b3,b3c8,5C(67%)-4C-newstructure,828.0,827,True,2.9180303367848803,641.0,0.7741545893719807,mid,-4.091803757442373,-1.571072344281949,-1.9278836316396943,-0.21507198874661293,-1.2791535075636502,5.0,67.0,4.0,4.804804804804805,-0.013573261665868152,33.05552416009523,1.0647362,0.003978199999999932,0.015438134,0.01520093,-0.00017268099999999918,35.5458971642776,31.260917689703437,10.044950000000002,0.999973100484903
b3,b3c9,5.3C(54%)-4C-newstructure,1039.0,1038,True,3.016615547557177,779.0,0.7497593840230992,long(>1000),-3.982296953008088,-1.5290711969215312,-1.839291043425335,-0.05584860799805732,-1.3472162794731597,5.3,54.0,4.0,4.7936687394007915,-0.008854330307374408,33.08832983925303,1.0694826,0.00388809999999995,0.015903223,0.015742281,-2.9396000000000977e-05,35.6854391223452,31.303906677865353,10.041749333333332,1.0002355517335513
b3,b3c10,4.8C(80%)-4.8C-newstructure,1078.0,1077,True,3.03261876085072,846.0,0.7847866419294991,long(>1000),-4.4113559240265765,-1.7191252159045969,-2.079084778287181,-0.2449564866670881,-1.1918753068944838,4.8,80.0,4.8,4.8,-0.010829767478889913,32.5348014795901,1.0617746,0.003226200000000068,0.015551002,0.015318613,-0.00014386399999999876,35.20887742320281,30.687630791601926,11.045003333333321,1.0002918564436245
b3,b3c11,5.6C(19%)-4.6C-newstructure,817.0,816,True,2.9122220565324155,593.0,0.7258261933904528,mid,-3.884921164468091,-1.467406428912766,-1.8062997258104139,-0.14019258288482342,-1.2656063363142074,5.6,19.0,4.6,4.803729603729602,-0.026095773212293817,34.20373702283128,1.0680679,0.0026927999999999397,0.015608084,0.015485173,-4.955999999999884e-05,38.22832463770115,31.36980800725626,10.042218333333295,1.0001406843814549
b3,b3c12,5.6C(36%)-4.3C-newstructure,932.0,931,True,2.9694159123539814,712.0,0.7639484978540773,mid,-3.9467899768101886,-1.4984625539972805,-1.8148860029543463,0.009007907579175856,-1.2833709230089114,5.6,36.0,4.3,4.8015952143569285,-0.01403298136645261,33.2205731520236,1.0741653,0.002777699999999994,0.016139418,0.01599754,-4.0385999999999894e-05,36.11585579982815,31.22756097269707,10.04249166666661,1.0001895671982282
b3,b3c13,5.6C(19%)-4.6C-newstructure,816.0,815,True,2.9116901587538613,595.0,0.7291666666666666,mid,-4.094466485311571,-1.5583663616562902,-1.929390305877112,-0.2582687355469186,-1.1979388802958741,5.6,19.0,4.6,4.803729603729602,-0.023632121356909914,34.117685281854214,1.065558,0.004086699999999999,0.015250437,0.01506449,-0.00014514099999999967,37.80334001741199,31.323500893525292,10.042319666666685,1.0000826245105545
b3,b3c14,5.6C(36%)-4.3C-newstructure,858.0,857,True,2.9334872878487053,629.0,0.7331002331002331,mid,-3.999667694941731,-1.5333939042032763,-1.8793090115229307,-0.19204286282934238,-1.3198368224743084,5.6,36.0,4.3,4.8015952143569285,-0.007178810320113946,33.11953606667905,1.0727056,0.005038600000000004,0.015668793,0.015496999,-7.740999999999998e-05,36.101499457512425,31.071885501118356,10.041712000000018,1.0004764613644452
b3,b3c15,5.9C(15%)-4.6C-newstructure,876.0,875,True,2.9425041061680806,622.0,0.7100456621004566,mid,-4.000684421929468,-1.5304085009445627,-1.8748333675085418,-0.15382378764959165,-1.2842654825214415,5.9,15.0,4.6,4.798232044198895,-0.01980556458034287,33.51055049283859,1.0684187,0.002858699999999992,0.015417448,0.01525728,-9.027200000000062e-05,37.344582,30.87654298210456,10.041533666666655,0.9999711655876254
b3,b3c16,4.8C(80%)-4.8C-newstructure,1638.0,1637,True,3.2143138974244,1243.0,0.7588522588522588,long(>1000),-4.694513499472995,-1.871213249846487,-2.2738187843175686,-0.05327197818466717,-0.8886326372546569,4.8,80.0,4.8,4.8,-0.018832842809367138,34.94134876933804,1.061009,0.0033308999999999145,0.015453937,0.015253145,-0.00012093599999999857,38.21816186151848,31.981891168783743,11.04336633333335,1.0000482789146643
b3,b3c17,5.3C(54%)-4C-newstructure,1315.0,1314,True,3.1189257528257768,990.0,0.752851711026616,long(>1000),-4.439713079764758,-1.747574375812544,-2.140488368171103,0.01669800531483665,-0.8152410862997628,5.3,54.0,4.0,4.7936687394007915,-0.0014394919573166944,35.07228784758458,1.0664514,0.002599599999999924,0.015524552,0.01535425,-0.00016227499999999992,38.138309,32.455675181202416,10.041974333333346,1.000744946858522
b3,b3c18,5.6C(19%)-4.6C-newstructure,1146.0,1145,True,3.059184617631371,864.0,0.7539267015706806,long(>1000),-4.254052001185467,-1.6297502873990821,-1.9853846222011862,-0.2289617001770088,-1.0571234004912051,5.6,19.0,4.6,4.803729603729602,-0.03550209428252919,35.2914180269327,1.0680237,0.0021301000000000236,0.015098186,0.014978203,-3.7439999999999696e-05,38.518787,32.394358383720835,10.043129666666696,1.0001104493179995
b3,b3c19,5.6C(36%)-4.3C-newstructure,1155.0,1154,True,3.062581984228163,872.0,0.754978354978355,long(>1000),-4.171941874669042,-1.5969883458188965,-1.9375879817586423,-0.12087812859596625,-1.1118817229154592,5.6,36.0,4.3,4.8015952143569285,-0.03516108934543854,35.098359536899686,1.0719248,0.0019749000000000017,0.015555796,0.015178323,-4.249000000000093e-05,38.401493,32.12087731134603,10.043436999999928,1.0002848802023665
b3,b3c20,5C(67%)-4C-newstructure,813.0,812,True,2.910090545594068,635.0,0.7810578105781057,mid,-4.066344693269561,-1.5517267287604315,-1.9237461744694444,-0.33953004746091525,-1.182800467385303,5.0,67.0,4.0,4.804804804804805,-0.015147082337950086,33.10212248197412,1.0650502,0.0030607000000000273,0.015409848,0.015206913,-7.635700000000085e-05,36.232254,30.85214362846796,10.04332966666664,1.0004910949451746
b3,b3c21,3.7C(31%)-5.9C-newstructure,772.0,771,True,2.887617300335736,553.0,0.716321243523316,mid,-3.704326685729231,-1.3637513867973816,-1.6282174297656917,0.5061397443817519,-0.8460875667678058,3.7,31.0,5.9,4.795167490389896,-0.16548362478102063,34.900399416468076,1.0678563,0.0008403999999999634,0.013943589,0.01394002,0.00023393700000000003,38.317612,32.05768382629157,10.067868000000017,1.0002046298500418
b3,b3c22,5.9C(60%)-3.1C-newstructure,1002.0,1001,True,3.0008677215312267,817.0,0.8153692614770459,long(>1000),-4.046822397094466,-1.546538997485427,-1.8625651301415262,0.05292211155889781,-1.2689736256162139,5.9,60.0,3.1,4.813157894736842,-0.02356435101129498,34.61069656408486,1.0562643,0.002844599999999975,0.015852775,0.015614755,-0.00012298300000000012,37.97354076473168,31.640105505547098,10.043384333333282,1.000148534911292
b3,b3c24,5C(67%)-4C-newstructure,825.0,824,True,2.916453948549925,640.0,0.7757575757575758,mid,-4.155254994876533,-1.6060319228086926,-1.985249195214669,-0.33574880640024823,-1.261852210004365,5.0,67.0,4.0,4.804804804804805,-0.000215247650899136,34.68760501613314,1.0462732,0.004855700000000018,0.015751192,0.01550305,-0.0001505590000000015,37.871063,32.089467104218414,10.042240333333272,0.9999833005096924
b3,b3c25,5.3C(54%)-4C-newstructure,989.0,988,True,2.9951962915971793,768.0,0.7765419615773509,mid,-4.1465607447332715,-1.5755062960829767,-1.961545853465944,-0.36635097992559806,-1.073334512646299,5.3,54.0,4.0,4.7936687394007915,-0.0029054260232480892,35.581863891916996,1.0611302,0.004340299999999964,0.015752004,0.015591009,-4.924599999999932e-05,39.595110804534556,32.23615396340197,10.041598333333386,1.0001421492289233
b3,b3c26,5.6C(19%)-4.6C-newstructure,1028.0,1027,True,3.011993114659257,763.0,0.7422178988326849,long(>1000),-4.219507413901045,-1.616559145309413,-1.993979443536556,-0.3421554787701476,-1.060483006313052,5.6,19.0,4.6,4.803729603729602,-0.009675868768901348,35.745916536891265,1.0720186,0.0037909000000000415,0.015693368,0.015538619,-4.2369000000000434e-05,39.786995,32.32542000468721,10.041816666666708,1.0001398922325255
b3,b3c27,5.6C(36%)-4.3C-newstructure,850.0,849,True,2.929418925714293,646.0,0.76,mid,-4.130132310934438,-1.5751135991016814,-1.970214102756195,-0.36115454159106597,-1.1141485878220703,5.6,36.0,4.3,4.8015952143569285,-0.013569039655995084,35.30844806776434,1.0604171,0.004035500000000081,0.015073455,0.014868693,-9.954799999999965e-05,38.98098,32.16991985770074,10.045022333333327,1.0001413208447771
b3,b3c28,3.7C(31%)-5.9C-newstructure,541.0,540,True,2.7331972651065692,355.0,0.6561922365988909,short(<550),-3.451657893017001,-1.2378383851037849,-1.5191867629410885,0.2996423874831566,-0.9803013452957265,3.7,31.0,5.9,4.795167490389896,-0.20474461697721805,35.69688828820833,1.0518668,0.0008316999999999908,0.013169404,0.013169404,0.00043592300000000125,39.85648636436463,32.29372696775114,10.05914166666674,0.9999884599341603
b3,b3c29,5.9C(15%)-4.6C-newstructure,858.0,857,True,2.9334872878487053,622.0,0.7249417249417249,mid,-4.0635761002012085,-1.5387795442859655,-1.9468994138830629,-0.3484488624765838,-1.1797578358031433,5.9,15.0,4.6,4.798232044198895,-0.008117663640705665,31.262889334066085,1.0663688,0.0048319999999999474,0.014962286,0.014745088,-0.00016551100000000013,31.999889,30.834039205152184,10.041687666666647,1.000096662234829
b3,b3c30,5.3C(54%)-4C-newstructure,935.0,934,True,2.9708116108725178,705.0,0.7540106951871658,mid,-4.1002255467806545,-1.572884550334177,-1.9532094793272863,-0.3873119059789263,-1.1369092977243447,5.3,54.0,4.0,4.7936687394007915,-0.012096585443535233,32.24311941023021,1.0687393,0.0036004999999998955,0.015732529,0.015509814,-0.00011412599999999912,34.756857996430846,30.734525348486088,10.043678666666674,1.0003084200554233
b3,b3c31,5.9C(60%)-3.1C-newstructure,731.0,730,True,2.8639173769578603,562.0,0.7688098495212038,mid,-3.8396030254357147,-1.4483132694545302,-1.7864676456023942,-0.12085281622375779,-1.2916363144954703,5.9,60.0,3.1,4.813157894736842,-0.01799799808886109,34.00003070157337,1.0681812,0.0034605000000000885,0.015983483,0.015812302,-2.983200000000047e-05,37.242977,31.313092535645406,10.046477666666663,1.0000362912270282
b3,b3c33,5C(67%)-4C-newstructure,1284.0,1283,True,3.1085650237328344,1039.0,0.809190031152648,long(>1000),-4.395898333073689,-1.7014541668757628,-2.105203412571776,-0.42003516917202466,-1.0089250725849936,5.0,67.0,4.0,4.804804804804805,-0.019696050326486636,33.10710984192206,1.060272,0.00264439999999988,0.015511206,0.015279103,-0.00015399299999999984,34.695709,31.67999170819102,10.043301333333366,1.000000567015111
b3,b3c34,5.3C(54%)-4C-newstructure,1158.0,1157,True,3.0637085593914173,906.0,0.7823834196891192,long(>1000),-4.305659504591576,-1.6673617344407077,-2.0199053876022073,-0.184080259057273,-1.1558151157732177,5.3,54.0,4.0,4.7936687394007915,-0.0289226739926711,35.77943527518052,1.061535,0.0027430999999999983,0.015438841,0.015220164,-0.00010690799999999931,39.49040963165045,32.239079738028686,10.044184666666649,1.0000226455764434
b3,b3c35,5.6C(19%)-4.6C-newstructure,1093.0,1092,True,3.038620161949703,801.0,0.7328453796889296,long(>1000),-4.234858289724564,-1.6377423430255769,-2.0076043810437434,-0.29633616843670796,-1.1528187004497665,5.6,19.0,4.6,4.803729603729602,-0.025849850294632246,35.53294150182224,1.0633804,0.002049399999999979,0.01549053,0.015308049,-7.601500000000046e-05,39.086731,32.24024694280969,10.043148666666676,1.0001463801067365
b3,b3c36,5.6C(36%)-4.3C-newstructure,923.0,922,True,2.965201701025912,738.0,0.7995666305525461,mid,-4.253457920681209,-1.6386156847843243,-2.003998289662504,-0.2511211297987009,-1.0968264561935654,5.6,36.0,4.3,4.8015952143569285,-0.03125922599139511,35.87907157748097,1.0575287,0.003076099999999915,0.015267849,0.015083324,-8.82880000000006e-05,39.893036,32.17568860041181,10.043801000000046,1.000127116373479
b3,b3c38,5C(67%)-4C-newstructure,1935.0,1934,True,3.28668096935493,1477.0,0.7633074935400517,long(>1000),-4.342053043792284,-1.6957894686704473,-2.060826105197112,-0.054164715839684595,-1.1768867699503416,5.0,67.0,4.0,4.804804804804805,-0.01464993948081487,34.745836319764145,1.0701473,0.0025093000000000476,0.015988033,0.015742945,-0.00011589700000000022,38.268311,31.511033631406466,10.044471,1.0001381486068388
b3,b3c39,5.3C(54%)-4C-newstructure,1156.0,1155,True,3.0629578340845103,955.0,0.8261245674740484,long(>1000),-4.454635076566319,-1.7580075334384604,-2.1918944329676746,-0.29253860298053624,-1.003013467519955,5.3,54.0,4.0,4.7936687394007915,-0.0187077990125832,33.88702183984078,1.0474036,0.004107000000000083,0.015740704,0.015480768,-0.00015527400000000038,36.491322,31.39568434387458,10.043833000000012,1.0001850009945197
b3,b3c40,5.6C(19%)-4.6C-newstructure,796.0,795,True,2.900913067737669,581.0,0.7298994974874372,mid,-4.29510827493732,-1.6565166572114067,-2.0419685622799006,-0.3154308934543946,-1.138512905318865,5.6,19.0,4.6,4.803729603729602,-0.020118948877207218,34.05341123035083,1.0593235,0.004510000000000014,0.015561919,0.015254971,-0.00023430500000000062,38.358112,30.94064865564031,10.043562999999995,1.0002777323871923
b3,b3c41,5.6C(36%)-4.3C-newstructure,786.0,785,True,2.895422546039408,557.0,0.7086513994910941,mid,-4.2195093707566445,-1.6163103697201877,-2.011082183942098,-0.3571335569959481,-1.0631301344503463,5.6,36.0,4.3,4.8015952143569285,0.00011853320593366784,33.64026279895059,1.0505219,0.004361900000000141,0.01854171,0.017006677,-0.00017313199999999945,37.245838,30.825456412280786,10.042974333333357,1.0003539606317444
b3,b3c44,5.3C(54%)-4C-newstructure,940.0,939,True,2.9731278535996988,744.0,0.7914893617021277,mid,-4.131495522376496,-1.5852750578612314,-1.9495791715359854,-0.2446163658848556,-1.2383958928034313,5.3,54.0,4.0,4.7936687394007915,-0.00609089345437082,33.35164903826186,1.06972,0.004184900000000047,0.015722955,0.01551657,-0.00010574500000000084,36.881859,30.638344666380572,10.043435666666628,1.0002470773201086
b3,b3c45,4.8C(80%)-4.8C-newstructure,1801.0,1800,True,3.2555137128195333,1364.0,0.7573570238756246,long(>1000),-4.5208508005857535,-1.783096509852864,-2.146803678389228,-0.328143045978365,-1.1771286021323724,4.8,80.0,4.8,4.8,-0.005629530179966145,32.725963552331145,1.0695485,0.0025961999999999374,0.015742011,0.015557319,-7.953999999999947e-05,35.085537,30.852621310491127,11.037649999999994,1.000144843063734
