feature_set,model,split,range,MAPE,MAE,RMSE,n
A_dq_var,Dummy,B2,inside,10.8,103.38,139.57,7
A_dq_var,Dummy,B2,outside_below,72.06,321.9,323.71,30
A_dq_var,Dummy,B2,outside_above,33.34,388.1,388.78,2
A_dq_var,Dummy,B3,inside,14.14,126.85,155.72,27
A_dq_var,Dummy,B3,outside_above,40.55,587.41,662.36,13
A_dq_var,ElasticNet,B2,inside,21.01,171.56,212.91,7
A_dq_var,ElasticNet,B2,outside_below,31.88,142.66,153.97,30
A_dq_var,ElasticNet,B2,outside_above,5.29,60.84,68.51,2
A_dq_var,ElasticNet,B3,inside,10.4,86.82,113.52,27
A_dq_var,ElasticNet,B3,outside_above,14.55,229.44,328.42,13
A_dq_var,Ridge,B2,inside,20.92,170.75,212.17,7
A_dq_var,Ridge,B2,outside_below,31.96,143.05,154.3,30
A_dq_var,Ridge,B2,outside_above,5.26,60.54,68.76,2
A_dq_var,Ridge,B3,inside,10.36,86.51,113.17,27
A_dq_var,Ridge,B3,outside_above,14.6,230.23,329.23,13
A_dq_var,RandomForest,B2,inside,13.05,108.85,119.67,7
A_dq_var,RandomForest,B2,outside_below,34.98,155.3,159.75,30
A_dq_var,RandomForest,B2,outside_above,18.06,210.36,211.61,2
A_dq_var,RandomForest,B3,inside,9.98,84.73,98.01,27
A_dq_var,RandomForest,B3,outside_above,26.92,409.66,511.37,13
A_dq_var,GBM,B2,inside,12.69,103.01,131.52,7
A_dq_var,GBM,B2,outside_below,36.05,160.86,165.15,30
A_dq_var,GBM,B2,outside_above,14.72,171.58,173.11,2
A_dq_var,GBM,B3,inside,9.24,77.67,92.81,27
A_dq_var,GBM,B3,outside_above,24.49,376.93,482.91,13
B_dq_var+fade,Dummy,B2,inside,10.8,103.38,139.57,7
B_dq_var+fade,Dummy,B2,outside_below,72.06,321.9,323.71,30
B_dq_var+fade,Dummy,B2,outside_above,33.34,388.1,388.78,2
B_dq_var+fade,Dummy,B3,inside,14.14,126.85,155.72,27
B_dq_var+fade,Dummy,B3,outside_above,40.55,587.41,662.36,13
B_dq_var+fade,ElasticNet,B2,inside,18.43,149.62,190.7,7
B_dq_var+fade,ElasticNet,B2,outside_below,34.58,154.72,164.19,30
B_dq_var+fade,ElasticNet,B2,outside_above,5.64,64.5,82.91,2
B_dq_var+fade,ElasticNet,B3,inside,9.41,78.48,103.84,27
B_dq_var+fade,ElasticNet,B3,outside_above,16.1,253.16,354.0,13
B_dq_var+fade,Ridge,B2,inside,15.58,131.21,149.79,7
B_dq_var+fade,Ridge,B2,outside_below,47.72,214.11,225.79,30
B_dq_var+fade,Ridge,B2,outside_above,18.33,212.06,218.84,2
B_dq_var+fade,Ridge,B3,inside,8.77,75.67,90.75,27
B_dq_var+fade,Ridge,B3,outside_above,21.76,332.63,426.86,13
B_dq_var+fade,RandomForest,B2,inside,12.98,107.79,120.82,7
B_dq_var+fade,RandomForest,B2,outside_below,35.37,157.15,161.16,30
B_dq_var+fade,RandomForest,B2,outside_above,16.3,190.0,191.39,2
B_dq_var+fade,RandomForest,B3,inside,10.6,88.77,104.26,27
B_dq_var+fade,RandomForest,B3,outside_above,25.38,389.35,494.44,13
B_dq_var+fade,GBM,B2,inside,11.59,97.57,109.31,7
B_dq_var+fade,GBM,B2,outside_below,29.83,132.12,137.52,30
B_dq_var+fade,GBM,B2,outside_above,17.31,201.37,201.51,2
B_dq_var+fade,GBM,B3,inside,9.32,78.42,92.49,27
B_dq_var+fade,GBM,B3,outside_above,25.37,388.86,493.21,13
C_dq_min,Dummy,B2,inside,10.8,103.38,139.57,7
C_dq_min,Dummy,B2,outside_below,72.06,321.9,323.71,30
C_dq_min,Dummy,B2,outside_above,33.34,388.1,388.78,2
C_dq_min,Dummy,B3,inside,14.14,126.85,155.72,27
C_dq_min,Dummy,B3,outside_above,40.55,587.41,662.36,13
C_dq_min,ElasticNet,B2,inside,21.93,181.59,217.74,7
C_dq_min,ElasticNet,B2,outside_below,34.13,152.48,164.66,30
C_dq_min,ElasticNet,B2,outside_above,6.38,73.17,88.22,2
C_dq_min,ElasticNet,B3,inside,10.08,83.93,107.5,27
C_dq_min,ElasticNet,B3,outside_above,15.33,239.54,334.16,13
C_dq_min,Ridge,B2,inside,21.1,174.57,209.64,7
C_dq_min,Ridge,B2,outside_below,35.01,156.4,167.9,30
C_dq_min,Ridge,B2,outside_above,7.23,83.14,95.37,2
C_dq_min,Ridge,B3,inside,9.83,81.93,104.39,27
C_dq_min,Ridge,B3,outside_above,15.84,247.45,342.86,13
C_dq_min,RandomForest,B2,inside,11.49,97.51,105.29,7
C_dq_min,RandomForest,B2,outside_below,35.69,158.47,164.48,30
C_dq_min,RandomForest,B2,outside_above,20.33,236.81,237.92,2
C_dq_min,RandomForest,B3,inside,9.34,79.8,90.1,27
C_dq_min,RandomForest,B3,outside_above,28.95,436.12,532.8,13
C_dq_min,GBM,B2,inside,8.66,77.07,93.03,7
C_dq_min,GBM,B2,outside_below,36.61,163.3,169.64,30
C_dq_min,GBM,B2,outside_above,26.65,310.32,311.17,2
C_dq_min,GBM,B3,inside,9.65,84.19,98.56,27
C_dq_min,GBM,B3,outside_above,33.54,497.71,589.57,13
D_with_excluded,Dummy,B2,inside,10.8,103.38,139.57,7
D_with_excluded,Dummy,B2,outside_below,72.06,321.9,323.71,30
D_with_excluded,Dummy,B2,outside_above,33.34,388.1,388.78,2
D_with_excluded,Dummy,B3,inside,14.14,126.85,155.72,27
D_with_excluded,Dummy,B3,outside_above,40.55,587.41,662.36,13
D_with_excluded,ElasticNet,B2,inside,31.0,260.79,287.2,7
D_with_excluded,ElasticNet,B2,outside_below,48.62,219.7,225.28,30
D_with_excluded,ElasticNet,B2,outside_above,11.56,133.86,136.49,2
D_with_excluded,ElasticNet,B3,inside,7.85,70.77,91.08,27
D_with_excluded,ElasticNet,B3,outside_above,23.21,345.33,419.57,13
D_with_excluded,Ridge,B2,inside,33.95,288.7,311.53,7
D_with_excluded,Ridge,B2,outside_below,48.29,218.58,223.34,30
D_with_excluded,Ridge,B2,outside_above,12.65,147.04,147.05,2
D_with_excluded,Ridge,B3,inside,11.08,99.61,119.23,27
D_with_excluded,Ridge,B3,outside_above,26.55,386.6,449.76,13
D_with_excluded,RandomForest,B2,inside,10.65,90.31,100.3,7
D_with_excluded,RandomForest,B2,outside_below,39.07,174.1,177.25,30
D_with_excluded,RandomForest,B2,outside_above,21.38,249.05,250.17,2
D_with_excluded,RandomForest,B3,inside,8.09,71.96,86.79,27
D_with_excluded,RandomForest,B3,outside_above,31.29,463.76,547.59,13
D_with_excluded,GBM,B2,inside,13.2,107.26,133.21,7
D_with_excluded,GBM,B2,outside_below,46.98,210.4,212.02,30
D_with_excluded,GBM,B2,outside_above,17.9,208.53,209.8,2
D_with_excluded,GBM,B3,inside,7.76,69.95,91.06,27
D_with_excluded,GBM,B3,outside_above,31.12,458.2,536.0,13
