feature_set,model,split,MAPE,MAE,RMSE,n,params,GAP_vs_paper(%p)
A_dq_var,Dummy,CV_B1,17.11,132.22,154.12,36,{'m__strategy': 'mean'},
A_dq_var,Dummy,B2,59.08,286.07,303.07,39,{'m__strategy': 'mean'},49.98
A_dq_var,Dummy,B3,22.72,276.53,398.69,40,{'m__strategy': 'mean'},
A_dq_var,ElasticNet,CV_B1,8.54,68.77,85.4,36,"{'m__alpha': 0.0001, 'm__l1_ratio': 0.1}",
A_dq_var,ElasticNet,B2,28.56,143.65,163.14,39,"{'m__alpha': 0.0001, 'm__l1_ratio': 0.1}",19.46
A_dq_var,ElasticNet,B3,11.75,133.17,209.17,40,"{'m__alpha': 0.0001, 'm__l1_ratio': 0.1}",
A_dq_var,Ridge,CV_B1,8.54,68.77,85.4,36,{'m__alpha': 0.001},
A_dq_var,Ridge,B2,28.56,143.64,163.13,39,{'m__alpha': 0.001},19.46
A_dq_var,Ridge,B3,11.75,133.17,209.15,40,{'m__alpha': 0.001},
A_dq_var,RandomForest,CV_B1,8.84,69.43,91.52,36,"{'m__max_depth': 2, 'm__min_samples_leaf': 3}",
A_dq_var,RandomForest,B2,30.18,149.79,156.52,39,"{'m__max_depth': 2, 'm__min_samples_leaf': 3}",21.08
A_dq_var,RandomForest,B3,15.49,190.33,302.44,40,"{'m__max_depth': 2, 'm__min_samples_leaf': 3}",
A_dq_var,GBM,CV_B1,9.65,76.7,104.81,36,"{'m__max_depth': 1, 'm__n_estimators': 100}",
A_dq_var,GBM,B2,30.77,151.03,160.06,39,"{'m__max_depth': 1, 'm__n_estimators': 100}",21.67
A_dq_var,GBM,B3,14.2,174.93,285.67,40,"{'m__max_depth': 1, 'm__n_estimators': 100}",
B_dq_var+fade,Dummy,CV_B1,17.11,132.22,154.12,36,{'m__strategy': 'mean'},
B_dq_var+fade,Dummy,B2,59.08,286.07,303.07,39,{'m__strategy': 'mean'},49.98
B_dq_var+fade,Dummy,B3,22.72,276.53,398.69,40,{'m__strategy': 'mean'},
B_dq_var+fade,ElasticNet,CV_B1,8.97,71.91,87.4,36,"{'m__alpha': 0.01, 'm__l1_ratio': 0.9}",
B_dq_var+fade,ElasticNet,B2,31.51,154.7,169.53,39,"{'m__alpha': 0.01, 'm__l1_ratio': 0.9}",22.41
B_dq_var+fade,ElasticNet,B3,11.63,138.39,227.37,40,"{'m__alpha': 0.01, 'm__l1_ratio': 0.9}",
B_dq_var+fade,Ridge,CV_B1,10.14,80.17,94.94,36,{'m__alpha': 10},
B_dq_var+fade,Ridge,B2,40.45,199.13,213.77,39,{'m__alpha': 10},31.35
B_dq_var+fade,Ridge,B3,12.99,159.18,254.51,40,{'m__alpha': 10},
B_dq_var+fade,RandomForest,CV_B1,9.09,71.46,95.51,36,"{'m__max_depth': None, 'm__min_samples_leaf': 3}",
B_dq_var+fade,RandomForest,B2,30.37,149.93,156.4,39,"{'m__max_depth': None, 'm__min_samples_leaf': 3}",21.27
B_dq_var+fade,RandomForest,B3,15.4,186.41,294.57,40,"{'m__max_depth': None, 'm__min_samples_leaf': 3}",
B_dq_var+fade,GBM,CV_B1,9.52,75.29,103.92,36,"{'m__max_depth': 1, 'm__n_estimators': 100}",
B_dq_var+fade,GBM,B2,25.91,129.47,137.02,39,"{'m__max_depth': 1, 'm__n_estimators': 100}",16.81
B_dq_var+fade,GBM,B3,14.54,179.31,291.26,40,"{'m__max_depth': 1, 'm__n_estimators': 100}",
C_dq_min,Dummy,CV_B1,17.11,132.22,154.12,36,{'m__strategy': 'mean'},
C_dq_min,Dummy,B2,59.08,286.07,303.07,39,{'m__strategy': 'mean'},49.98
C_dq_min,Dummy,B3,22.72,276.53,398.69,40,{'m__strategy': 'mean'},
C_dq_min,ElasticNet,CV_B1,9.01,72.85,92.12,36,"{'m__alpha': 0.0001, 'm__l1_ratio': 0.1}",
C_dq_min,ElasticNet,B2,30.52,153.63,172.52,39,"{'m__alpha': 0.0001, 'm__l1_ratio': 0.1}",21.42
C_dq_min,ElasticNet,B3,11.79,134.5,209.98,40,"{'m__alpha': 0.0001, 'm__l1_ratio': 0.1}",
C_dq_min,Ridge,CV_B1,9.01,72.84,92.12,36,{'m__alpha': 0.001},
C_dq_min,Ridge,B2,30.51,153.62,172.52,39,{'m__alpha': 0.001},21.41
C_dq_min,Ridge,B3,11.79,134.49,209.95,40,{'m__alpha': 0.001},
C_dq_min,RandomForest,CV_B1,10.11,79.49,100.27,36,"{'m__max_depth': 2, 'm__min_samples_leaf': 3}",
C_dq_min,RandomForest,B2,30.56,151.54,160.32,39,"{'m__max_depth': 2, 'm__min_samples_leaf': 3}",21.46
C_dq_min,RandomForest,B3,15.72,195.6,312.63,40,"{'m__max_depth': 2, 'm__min_samples_leaf': 3}",
C_dq_min,GBM,CV_B1,10.32,82.06,107.95,36,"{'m__max_depth': 1, 'm__n_estimators': 100}",
C_dq_min,GBM,B2,31.08,155.36,169.28,39,"{'m__max_depth': 1, 'm__n_estimators': 100}",21.98
C_dq_min,GBM,B3,17.41,218.59,345.72,40,"{'m__max_depth': 1, 'm__n_estimators': 100}",
D_with_excluded,Dummy,CV_B1,17.11,132.22,154.12,36,{'m__strategy': 'mean'},
D_with_excluded,Dummy,B2,59.08,286.07,303.07,39,{'m__strategy': 'mean'},49.98
D_with_excluded,Dummy,B3,22.72,276.53,398.69,40,{'m__strategy': 'mean'},
D_with_excluded,ElasticNet,CV_B1,6.96,55.33,66.48,36,"{'m__alpha': 0.01, 'm__l1_ratio': 0.5}",
D_with_excluded,ElasticNet,B2,43.56,222.67,234.09,39,"{'m__alpha': 0.01, 'm__l1_ratio': 0.5}",34.46
D_with_excluded,ElasticNet,B3,12.84,160.0,250.62,40,"{'m__alpha': 0.01, 'm__l1_ratio': 0.5}",
D_with_excluded,Ridge,CV_B1,7.74,60.63,71.27,36,{'m__alpha': 1},
D_with_excluded,Ridge,B2,43.89,227.49,238.53,39,{'m__alpha': 1},34.79
D_with_excluded,Ridge,B3,16.1,192.88,274.48,40,{'m__alpha': 1},
D_with_excluded,RandomForest,CV_B1,9.13,71.43,96.43,36,"{'m__max_depth': None, 'm__min_samples_leaf': 3}",
D_with_excluded,RandomForest,B2,30.85,153.9,162.81,39,"{'m__max_depth': None, 'm__min_samples_leaf': 3}",21.75
D_with_excluded,RandomForest,B3,16.35,207.1,329.36,40,"{'m__max_depth': None, 'm__min_samples_leaf': 3}",
D_with_excluded,GBM,CV_B1,10.27,80.67,101.12,36,"{'m__max_depth': 1, 'm__n_estimators': 100}",
D_with_excluded,GBM,B2,34.71,170.74,178.76,39,"{'m__max_depth': 1, 'm__n_estimators': 100}",25.61
D_with_excluded,GBM,B3,16.66,211.33,331.85,40,"{'m__max_depth': 1, 'm__n_estimators': 100}",
